Id,Churn
0,0.033583302761505895
1,0.7438383525943632
2,0.6887089852031575
3,0.005843731606210545
4,0.001174246129585499
5,0.14833569796215662
6,0.5283941549019042
7,0.28433193568439497
8,0.07914090259578832
9,0.44352932874609063
10,0.21716449302039165
11,0.1664469710873413
12,0.3645458966390339
13,0.1030480071887323
14,0.030783586425438658
15,0.009628790509044083
16,0.19324527717473183
17,0.35864205026758544
18,0.04411296366571116
19,0.007066593199862026
20,0.1802897208592047
21,0.008088245057004007
22,0.7362536431827014
23,0.4930047542708901
24,0.08885727121396525
25,0.33114891675819536
26,0.1246779620902253
27,0.020272725818529236
28,0.016029099472216424
29,0.0011318665996609134
30,0.45081381533284515
31,0.48034270190540573
32,0.7139804633681606
33,0.6828141840581327
34,0.08569270930214745
35,0.008509847789225256
36,0.43504155312504467
37,0.05351610761105785
38,0.1178522936530898
39,0.04124944297285282
40,0.37973311489592576
41,0.5542708970548949
42,0.3865796007288482
43,0.22270677861135124
44,0.4315395666358195
45,0.37846414763448355
46,0.11913320176800257
47,0.12500944163321237
48,0.20963877293333
49,0.1762334795137417
50,0.29886733579900526
51,0.7241397488515345
52,0.25626456157533084
53,0.09982460984682351
54,0.42240346649026717
55,0.0053601847590597496
56,0.012269260742583499
57,0.5658046167081479
58,0.6804517935256225
59,0.27718876922238533
60,0.029013900793601888
61,0.5494739114959095
62,0.15489031864265002
63,0.07831571823528749
64,0.7228568059527928
65,0.01080037584859972
66,0.2222565010794012
67,0.42307419674950264
68,0.008609677806686422
69,0.4684325713037425
70,0.5029224936407929
71,0.5129327310060772
72,0.0649699200175401
73,0.5703944239025188
74,0.7562839974194953
75,0.02953644401289479
76,0.10188608490355067
77,0.09762823743861049
78,0.08210751686748363
79,0.004921929316692886
80,0.4143615604475741
81,0.6621472461237532
82,0.7782680360540739
83,0.2066198102794341
84,0.1957161750950308
85,0.0300603148553632
86,0.05556538491154217
87,0.41583792279301535
88,0.3452812231556497
89,0.1957161750950308
90,0.11682984134150509
91,0.2187079235486733
92,0.7202272710955985
93,0.8197455973706709
94,0.0010181551190686644
95,0.023604182171509946
96,0.14892557086315228
97,0.4913730475465077
98,0.27740398901995456
99,0.6715030883804908
100,0.016632713578879077
101,0.7019390008567756
102,0.0013817857883258178
103,0.6713589453526331
104,0.002014031904749025
105,0.6721082786262771
106,0.1504884070924971
107,0.08832971077498619
108,0.0063845299403513245
109,0.29002234229480084
110,0.09417805154844683
111,0.08341969765844792
112,0.4328604175203773
113,0.31404475279697874
114,0.0025013281077218563
115,0.7620143829959908
116,0.019221931827754113
117,0.001287253133051447
118,0.05483381156608813
119,0.561293215086166
120,0.13013770744779274
121,0.021374161290525162
122,0.25208454687116477
123,0.36662916735117834
124,0.29899369449135405
125,0.29850866929876263
126,0.6595071195787755
127,0.20349770719767912
128,0.15375617767019
129,0.16006603129371821
130,0.11074962087877949
131,0.027417304725536273
132,0.0016600562810618058
133,0.028426210907273708
134,0.31715681267752593
135,0.031244656059049802
136,0.021787693156934962
137,0.0033629484215907945
138,0.04699082405585853
139,0.18963918981954153
140,0.005232607084912133
141,0.005890446598372345
142,0.06219307712998168
143,0.04347580493369729
144,0.2840569591865989
145,0.20601175337243294
146,0.37840822871896806
147,0.010131371485355367
148,0.0026261166662163715
149,0.6694269208026845
150,0.012581849627130492
151,0.6647348018937965
152,0.4102816478834235
153,0.05921369534394838
154,0.28656075686263316
155,0.6542064198488856
156,0.06616563956667476
157,0.04982658487607472
158,0.05257348811792073
159,0.14514452676910672
160,0.32133320075577587
161,0.6754069814586838
162,0.11974780936473095
163,0.03159201061719663
164,0.55470084935302
165,0.06710390045858583
166,0.02521989706786154
167,0.09946856917536995
168,0.038985255980267364
169,0.55718166091564
170,0.6532160030957356
171,0.010442660573109719
172,0.42130950410245704
173,0.4723889910544523
174,0.14015645169440083
175,0.5731412654109111
176,0.06391410623610705
177,0.061145341835708744
178,0.013539299795363724
179,0.8494924059192925
180,0.15361462668302284
181,0.08039993573174209
182,0.030637644594877944
183,0.11436774429291696
184,0.11269914975231798
185,0.00915090950344144
186,0.14649847079623712
187,0.004559725501996126
188,0.048530750043471294
189,0.009304350030019837
190,0.008124594963265341
191,0.005244279257675566
192,0.11788005442692262
193,0.017591388072561887
194,0.23522394682833303
195,0.09608184719400548
196,0.027427426269533983
197,0.17734389789397909
198,0.45754245341311894
199,0.5412458619559916
200,0.5180815990326242
201,0.5852880163551537
202,0.2661156431114411
203,0.6949345170471877
204,0.22983913319755955
205,0.004138921237190063
206,0.05987026947998364
207,0.6089025856954072
208,0.631800724113121
209,0.538995674817062
210,0.367208943901976
211,0.10497034005287142
212,0.6155612363345313
213,0.006896223548245706
214,0.003376570501659848
215,0.530056475107532
216,0.7612269708582057
217,0.603881353693496
218,0.231679972815229
219,0.5176788276209225
220,0.4734424638758089
221,0.012437105429754958
222,0.07179713262299936
223,0.16479767093479125
224,0.04890929875622252
225,0.6226501799145431
226,0.30640314462331375
227,0.04827827412393426
228,0.44547862004294336
229,0.32373006948531746
230,0.0018138158324449982
231,0.005592866252082551
232,0.2961050770986424
233,0.0037507314020226445
234,0.008041841262481308
235,0.05961490348573839
236,0.7871826333673909
237,0.31866817967828065
238,0.07008948456059438
239,0.3511621095765921
240,0.20243286618775924
241,0.010269567477502739
242,0.14987131034922707
243,0.4921280678134383
244,0.07216461926595608
245,0.055382970086715
246,0.009718747699297037
247,0.0015825659271384573
248,0.01730986048873695
249,0.039054319288268746
250,0.0010310443435812555
251,0.01849501731966241
252,0.09537267448432585
253,0.5152655601060345
254,0.29124508721267617
255,0.5147163390324739
256,0.09935605013210513
257,0.1943882807072579
258,0.1928430788006661
259,0.566538196381256
260,0.05978689776109902
261,0.3285348842751017
262,0.24784841643567235
263,0.3525889415286497
264,0.6089038463915176
265,0.2388325138578582
266,0.6269551954356628
267,0.2295535607203779
268,0.19315081767968534
269,0.06206143506649353
270,0.005460529982113216
271,0.0026035799336663334
272,0.3582274855200529
273,0.5001661891824085
274,0.06518484350243103
275,0.22506776647975824
276,0.029321442798528885
277,0.04718933669073477
278,0.11804473206400279
279,0.06109744925685068
280,0.6023768935207332
281,0.06392200414070581
282,0.5783898148697226
283,0.0012590411743608199
284,0.21242612027840413
285,0.00849179683367085
286,0.0028796724473821866
287,0.0019987206654225043
288,0.08718736380605929
289,0.7674570025932775
290,0.3400002905930781
291,0.6669960533827308
292,0.046774045929206864
293,0.5078487730598137
294,0.5739801803424432
295,0.06757089882700218
296,0.11999369736530052
297,0.46514543139459763
298,0.0011670303673488869
299,0.24336734775343905
300,0.018423759076437007
301,0.09578903785756243
302,0.05724269297323148
303,0.7733438167556942
304,0.011425902153285095
305,0.22126450413952936
306,0.27236170277216365
307,0.6215694096505042
308,0.6812601027923132
309,0.7342633638839584
310,0.08820533062146685
311,0.002654424757072671
312,0.05607819923902824
313,0.03269995989591623
314,0.445856414430466
315,0.7390519669071625
316,0.02803772660544701
317,0.24412968894381115
318,0.7347480512762187
319,0.5891741454750261
320,0.45703534241027644
321,0.6346931440918046
322,0.5185091291719122
323,0.11751204985953279
324,0.006846726634354039
325,0.7120062969240031
326,0.012595211843779208
327,0.20201578903603157
328,0.001853088643100409
329,0.36405428940135187
330,0.13812730224515934
331,0.37162436329886317
332,0.2850210647824827
333,0.15569570428658985
334,0.45903359391970977
335,0.087544025596207
336,0.007167680865834414
337,0.18994075680848233
338,0.011565298084472597
339,0.007177088982963431
340,0.4980870043761121
341,0.2651796473818391
342,0.15163500632057847
343,0.24936862773891466
344,0.004773579535498396
345,0.04306528477439431
346,0.41073909751753435
347,0.2677980203797985
348,0.00913804563900622
349,0.3685999821342243
350,0.05706518882529876
351,0.024770971938366082
352,0.2761387732325379
353,0.03805605645632182
354,0.3432909580522172
355,0.008377402717352544
356,0.6211898355428128
357,0.6051836439928959
358,0.631531560637179
359,0.5227634488180727
360,0.23901968227845138
361,0.004802744426734673
362,0.4646953339293902
363,0.04759347396341729
364,0.29843086706317346
365,0.004596365651905798
366,0.04819162499143392
367,0.2062132976878076
368,0.048916751903982925
369,0.05881048303725067
370,0.025419868724187666
371,0.37378409010440095
372,0.01668904177708619
373,0.704957342297336
374,0.014523555045679482
375,0.13153366657935428
376,0.18657487700213626
377,0.1849551547495114
378,0.7219974809548408
379,0.5963712437582706
380,0.32945467020039465
381,0.049822523001057606
382,0.031180260179946018
383,0.29005187381402864
384,0.1223738875917566
385,0.597347106278364
386,0.5200137910062242
387,0.00388978062328893
388,0.001951835014385228
389,0.005831097716855083
390,0.6932582592466887
391,0.006695360804142014
392,0.7270729510367544
393,0.4627570862230358
394,0.02937106245894716
395,0.43788129049790014
396,0.04414075571525977
397,0.06475766775393943
398,0.1313774980968051
399,0.009883485767765654
400,0.1787407074181
401,0.07759303031337006
402,0.009790758606768701
403,0.13708139803922337
404,0.007459396516098171
405,0.6141585339289648
406,0.6046429470223863
407,0.320342456245829
408,0.19927938591756644
409,0.02113653018282302
410,0.02625777243100158
411,0.031634488365439584
412,0.5747924032979186
413,0.529616114505728
414,0.20716616885921724
415,0.1360586256125249
416,0.031273358409257934
417,0.43931112722646903
418,0.08246133180315718
419,0.0815181458011951
420,0.4797567513223856
421,0.23519633911479665
422,0.5112016687333889
423,0.08369985870108576
424,0.05857623059262396
425,0.6441701601423819
426,0.056708658174847604
427,0.02940782069626846
428,0.7269718443261106
429,0.1144781840034157
430,0.018264037687835133
431,0.04398800525370683
432,0.5023485315528214
433,0.4779129005889742
434,0.6066396206617237
435,0.6266317923438278
436,0.019156145539949043
437,0.003982516423510329
438,0.2620781564490977
439,0.3654708578276098
440,0.0646822586861765
441,0.23853382754345498
442,0.1750710163358803
443,0.06874771206446684
444,0.3305116182681792
445,0.0035084289655585854
446,0.012088005657952205
447,0.014718632891995154
448,0.504959352345143
449,0.07789862431469263
450,0.5862048841033031
451,0.40733723408759204
452,0.007441512324381283
453,0.6120621945907992
454,0.03686727309554361
455,0.1329078813402247
456,0.15990317689278943
457,0.002749493923847268
458,0.009118593374178197
459,0.10638975196637757
460,0.16091050158500875
461,0.005075926536219022
462,0.008367701750285561
463,0.05442003877388113
464,0.27074716187138714
465,0.18656273370762677
466,0.015632679241353697
467,0.6910379715047263
468,0.2075356952455445
469,0.010806796186542678
470,0.6086608134443043
471,0.37266898261292813
472,0.20839976922930392
473,0.23513668108281127
474,0.4960424693475938
475,0.01258418173434206
476,0.6860831134182082
477,0.03781260005583009
478,0.028805750564618537
479,0.18315514529534305
480,0.30457897049124116
481,0.016891921132827337
482,0.31036202648579325
483,0.41713588276383307
484,0.07512747955908006
485,0.362198765289223
486,0.36651380815682244
487,0.26925633843507657
488,0.008587019444181831
489,0.032222316380792426
490,0.6824813635642741
491,0.2655510041656741
492,0.24355727946270367
493,0.06311014067550158
494,0.03622163594327621
495,0.004168635685922961
496,0.04214635671566336
497,0.025858378471046883
498,0.5455019939189032
499,0.0637866947686423
500,0.6798642018051331
501,0.013549651061417256
502,0.18616630377560628
503,0.3846650426764364
504,0.3154667205661348
505,0.009407196765051196
506,0.17998250073336708
507,0.17003723189265263
508,0.5387386061696582
509,0.06985073924748197
510,0.6928583615725425
511,0.30983791447338516
512,0.49916025437501
513,0.44986875447512864
514,0.10181916463513885
515,0.07688813599651856
516,0.2572333908307367
517,0.8471726448172648
518,0.4242728833845304
519,0.0045353048335997626
520,0.5112099880599608
521,0.03123595127750778
522,0.004598623145594449
523,0.12114105951607923
524,0.763264172859794
525,0.1761294074655353
526,0.43416586652343203
527,0.0948755804306407
528,0.624473217426624
529,0.0654236380798846
530,0.016748908596882606
531,0.05112683681518515
532,0.2200571774505342
533,0.3843149252554434
534,0.7170023071545658
535,0.5271571582312281
536,0.5553614459230662
537,0.01880633684016242
538,0.4056808071190223
539,0.16663115150127017
540,0.5198974773187861
541,0.714021073602976
542,0.1358050788705809
543,0.07919641149064838
544,0.07529729510654382
545,0.28891055337531013
546,0.4057308658161153
547,0.007121812114655679
548,0.42507875872196377
549,0.049721319424432586
550,0.10256823560566253
551,0.016967002617400695
552,0.005248264694175497
553,0.17357017361528737
554,0.06287423586373442
555,0.030619927024550964
556,0.6967545249727002
557,0.7098226904971525
558,0.06568625473039424
559,0.3532946807290026
560,0.3102900775237649
561,0.002677350383304078
562,0.022332132261812188
563,0.023298221729710966
564,0.3012162893173165
565,0.20589724555382083
566,0.7352221845610084
567,0.09228017918902198
568,0.5354758319672981
569,0.0581262416086058
570,0.004409582741215168
571,0.7759861038081254
572,0.7195875890282936
573,0.1900161250347313
574,0.002622766129048437
575,0.3164778068009817
576,0.21169341962920518
577,0.5326218871665742
578,0.3241116158089694
579,0.6118008698711944
580,0.00990043977170807
581,0.6391321350118104
582,0.0018846959269437358
583,0.012669137910714112
584,0.204013711481282
585,0.007329297647905686
586,0.20080020105111807
587,0.029591397476291692
588,0.7274842328162318
589,0.32484322092715057
590,0.7671393395697513
591,0.04000096341190518
592,0.6547578682025
593,0.030231624397982104
594,0.45009552536062536
595,0.6773719523943124
596,0.0013649623923348564
597,0.40160759668120993
598,0.35928836715488033
599,0.01959745651690803
600,0.0033847990512324566
601,0.22393648846060088
602,0.12145845397749022
603,0.5416330287154794
604,0.01376266388544023
605,0.11164013211113932
606,0.11088624207023245
607,0.6886591465847053
608,0.052864244315329656
609,0.17077535522199994
610,0.5601502840428525
611,0.18546992000912188
612,0.3708580837686757
613,0.24581525418434247
614,0.03805841418239697
615,0.012758206028919417
616,0.5710006494667426
617,0.11536183102281983
618,0.022930328258272903
619,0.2892888410615633
620,0.0420172157549884
621,0.3598429042786164
622,0.4979295695478263
623,0.7482298924213655
624,0.02958949549609502
625,0.11064426092306667
626,0.0141695907092525
627,0.04647072458853008
628,0.6624540538375492
629,0.1741872274445464
630,0.532033812787724
631,0.04720370679356889
632,0.6366014862766644
633,0.02748520144232447
634,0.6376698944097217
635,0.007552913157224506
636,0.05067605935969255
637,0.09092065234834901
638,0.2094575939087845
639,0.5940160679061856
640,0.686395807001715
641,0.182898886235475
642,0.0941052708702057
643,0.11106916744089568
644,0.24331059048843073
645,0.02660634479850621
646,0.051882594732066245
647,0.05975436611093177
648,0.0020059591200447535
649,0.1125633226727345
650,0.009430084596260158
651,0.8030463095036093
652,0.014560407010202558
653,0.2593219056711251
654,0.2346461861665845
655,0.6052009990677619
656,0.15898985041423708
657,0.13110383711131424
658,0.055678604641834495
659,0.25095899934687127
660,0.10283995556402359
661,0.016330885654471827
662,0.4626615246339396
663,0.26192832441260927
664,0.011123169227563179
665,0.7356467888424393
666,0.820243371842944
667,0.16132077881281337
668,0.01608853093497009
669,0.0027369597511816
670,0.062247808032794505
671,0.533657951780153
672,0.6464056482385627
673,0.3563470294318638
674,0.7300630545692125
675,0.11354354981671055
676,0.005865690220181352
677,0.36772393444701423
678,0.19081021665088915
679,0.6473431214670995
680,0.3594615384006874
681,0.09857393877101639
682,0.026787022582838604
683,0.3636491973467333
684,0.01945740349272229
685,0.3691066169475261
686,0.06771178644094145
687,0.012975930874020158
688,0.23079792160597812
689,0.2457926629524978
690,0.7091770900785204
691,0.8196886193653729
692,0.373210025265607
693,0.2559259776250312
694,0.04178535347301837
695,0.4865623721007273
696,0.3159238250912726
697,0.014055302598936392
698,0.017202236464130105
699,0.0893254080643705
700,0.05915578347041872
701,0.16665767566662248
702,0.09453333390634999
703,0.11013027138103537
704,0.8059722195236352
705,0.006941330108273136
706,0.05592215746911189
707,0.5785917768458356
708,0.007408980952902877
709,0.07364593655728502
710,0.034806664900454365
711,0.19094103766867332
712,0.28792309807846805
713,0.17757351995970605
714,0.16134553688061593
715,0.11237720952932917
716,0.6546049996977927
717,0.009617237216553276
718,0.4359281565755091
719,0.7576215272080667
720,0.13291104446165058
721,0.15520022870535433
722,0.19852746212178352
723,0.41833744508669557
724,0.10407063760034618
725,0.679744963927646
726,0.02629323822694518
727,0.5373513808825975
728,0.2716589229093078
729,0.04351492900886744
730,0.003736909346367945
731,0.730318857803186
732,0.006976171303414103
733,0.009968055198953163
734,0.04495956716975502
735,0.5625651035599748
736,0.009445325447525521
737,0.3085940679769611
738,0.42035258009718535
739,0.44844821657545886
740,0.3479397177824701
741,0.313765666256944
742,0.35610521973708087
743,0.34111384360855346
744,0.1817078406883883
745,0.20669662131955224
746,0.07293773431754624
747,0.2892959243416322
748,0.0015713172995927005
749,0.5505541211283812
750,0.3843512055971363
751,0.019001262388755435
752,0.09903403966460234
753,0.06675795198656731
754,0.6217282888846206
755,0.09919104941125789
756,0.17919865513468347
757,0.4631182094870048
758,0.02878348668828712
759,0.6805347054907949
760,0.3056146263653091
761,0.627276678940064
762,0.7463679264242731
763,0.11097934704492673
764,0.13643316480439527
765,0.11089336419900475
766,0.4760209182844347
767,0.059745917865308806
768,0.1390109028683646
769,0.4350011385805721
770,0.6267020876616973
771,0.05085296224135005
772,0.7145395590559923
773,0.18539330294365808
774,0.5028839223296387
775,0.056379988939947
776,0.057603420825366514
777,0.5190778923944929
778,0.026609878040271706
779,0.6131515565132996
780,0.06837655117338137
781,0.46862264317218183
782,0.624680138393073
783,0.5529849510941036
784,0.007802999729859317
785,0.589157368278172
786,0.15875712652031426
787,0.12601880533331034
788,0.5874882758413975
789,0.005437077389025102
790,0.6018325417017258
791,0.5484913334980737
792,0.01179619027814871
793,0.48107159939650757
794,0.6668031856022109
795,0.58068570286202
796,0.3805326038099889
797,0.0035534492010723673
798,0.10135448694871718
799,0.008178892099748647
800,0.1874284603538764
801,0.4038133506788466
802,0.021211790844425593
803,0.7178321018162158
804,0.004007202343624838
805,0.23306920176858814
806,0.010988203491899218
807,0.49983178392702454
808,0.16093644399100127
809,0.26831937735986056
810,0.16192957821215925
811,0.23492663363689514
812,0.3266839450296186
813,0.13409330983613865
814,0.027348848153920136
815,0.7116408561554503
816,0.19652093966727868
817,0.4356862128135168
818,0.01717426392250776
819,0.030549183715916306
820,0.05686452702102318
821,0.7823213757724168
822,0.004818751170201474
823,0.0220866055634803
824,0.06810976314621453
825,0.04279599389717237
826,0.020796081772729513
827,0.5948033609247959
828,0.8150153369923671
829,0.7737714005067323
830,0.8238694771194416
831,0.6880067108487622
832,0.20897742132663943
833,0.3055329541529661
834,0.27002880949868524
835,0.3688925817052989
836,0.06179084786937261
837,0.7417138536241884
838,0.43878984832671386
839,0.360946922144902
840,0.2626863140800454
841,0.20107917683483834
842,0.07271760082096379
843,0.3323752441872898
844,0.004714576408233806
845,0.33921359135097084
846,0.5930215285669207
847,0.6833646910631614
848,0.016311563271470098
849,0.21086001607418847
850,0.2886177722465817
851,0.13909807642264882
852,0.006518497955814384
853,0.25360322575732996
854,0.27476275749134005
855,0.06064098414291719
856,0.5170447019543364
857,0.07997327954542688
858,0.7321744774044594
859,0.008081680397266422
860,0.49709243111341084
861,0.07138037231431926
862,0.05789118670415294
863,0.42587443308596873
864,0.19417712786299823
865,0.0162413344351634
866,0.07545819287717026
867,0.2862210742759078
868,0.3516298869557388
869,0.42929061082728937
870,0.6719689827856601
871,0.04761897018867711
872,0.07697571659891111
873,0.5398851811265297
874,0.673538834756973
875,0.5637748376807676
876,0.26113463478466037
877,0.13449002958839906
878,0.012055340453190344
879,0.10636770664585682
880,0.09459388600181251
881,0.04967993798012049
882,0.0025506085297882786
883,0.8098927773955767
884,0.011498685300215694
885,0.35872651086481233
886,0.313311378539577
887,0.011913126672521313
888,0.054245206294844084
889,0.23462541772298295
890,0.3855364858472341
891,0.1125108436180805
892,0.0038334051918547107
893,0.7539119714422454
894,0.12323419255062995
895,0.04190873315489785
896,0.025331099201437945
897,0.478531864294232
898,0.044731173634565025
899,0.7678309021293336
900,0.014923866488493087
901,0.25792112142122836
902,0.05446027382058405
903,0.05399558788546044
904,0.1619186685655929
905,0.006844224156769774
906,0.6401157327705665
907,0.0018741508110615701
908,0.03814492106683132
909,0.7091029039262784
910,0.00886979184280845
911,0.04425403273633033
912,0.0053197565829702365
913,0.45031271497626724
914,0.13631990450237208
915,0.018057162147124828
916,0.7564467766383436
917,0.5265713670744004
918,0.19987796829446014
919,0.6483180367163571
920,0.1033463407262456
921,0.8164001039614255
922,0.19297898127575686
923,0.02189488478321122
924,0.5111943806684579
925,0.1231946563785633
926,0.05009109882811591
927,0.2083586847239044
928,0.07608612018382266
929,0.1895223383328717
930,0.6240460991753718
931,0.3271685732944366
932,0.7911520033716681
933,0.06448093509147523
934,0.05982658102044214
935,0.03702194458325303
936,0.0075122247189228775
937,0.37293075585689284
938,0.1162806395393925
939,0.00931802412609073
940,0.0009629765736471896
941,0.5801674964536251
942,0.4611916023512609
943,0.002522162336826672
944,0.13308350051065143
945,0.7387124367864769
946,0.32098784121662105
947,0.011450999639297521
948,0.09458378900606257
949,0.4684312826019159
950,0.6105528612402158
951,0.05696297887513302
952,0.20406534497915374
953,0.39899228526987907
954,0.14478526983384343
955,0.13522753882567007
956,0.09937129759642871
957,0.3635306259065536
958,0.05154993144456288
959,0.12116759897154361
960,0.4693583058419608
961,0.452330916122639
962,0.1491206234057435
963,0.014115935295436088
964,0.5362969286072811
965,0.8076710043873675
966,0.28348256044706965
967,0.003828931499071264
968,0.09868131528011503
969,0.015054003023943774
970,0.012275928472683884
971,0.007539051392995599
972,0.4414196548188123
973,0.12021343038256271
974,0.0025437805919962253
975,0.6087234662928265
976,0.07139713454785679
977,0.04611382745645043
978,0.515920270277813
979,0.050494611920586574
980,0.6817110329171562
981,0.10190152566595545
982,0.31359730672010033
983,0.0017127673283626743
984,0.4380876076622746
985,0.013930576159453367
986,0.036422754546767466
987,0.6251610449277398
988,0.23730058553598488
989,0.02641944515176453
990,0.6907368342610705
991,0.5888223918138027
992,0.19932082939723972
993,0.15357526955514567
994,0.5988228911771473
995,0.49316678724132745
996,0.18070414269297597
997,0.0011852092032509365
998,0.7136762102427013
999,0.004069186543339431
1000,0.018225527737748326
1001,0.22867155624490765
1002,0.1933676068954897
1003,0.12440177938083752
1004,0.46961789912719043
1005,0.002510645014397239
1006,0.024280239462875275
1007,0.06287947639591274
1008,0.08026474968166075
1009,0.20160900636242451
1010,0.628290847180738
1011,0.4001356875138691
1012,0.16440603312575597
1013,0.24032588684096845
1014,0.11159949700959526
1015,0.006608165061860349
1016,0.0023326830426585454
1017,0.18192885518387358
1018,0.5931220492293858
1019,0.6705592215313039
1020,0.5766162927559316
1021,0.0058773762373639515
1022,0.09094708558022435
1023,0.0074785932678712586
1024,0.10076928437085186
1025,0.7458228051001142
1026,0.5698638332491602
1027,0.0551870703323355
1028,0.05299353298355114
1029,0.7403720388831453
1030,0.1645634835882489
1031,0.00197008317749392
1032,0.03919256365594681
1033,0.06867483518533135
1034,0.09875377753016323
1035,0.4913813772494765
1036,0.672494951681298
1037,0.16739575728423972
1038,0.2295757768936878
1039,0.0084742068039102
1040,0.5312174104523562
1041,0.27687763434912727
1042,0.5123738550006122
1043,0.002446038036112985
1044,0.03936256178107289
1045,0.0019918984476308133
1046,0.020080668614246622
1047,0.26490885379467577
1048,0.6473608845412951
1049,0.03311753255473027
1050,0.22852857441609942
1051,0.06083091500398585
1052,0.062386966541410516
1053,0.020186418408773665
1054,0.0038034823102756077
1055,0.0700458094511025
1056,0.15272441533115222
1057,0.046966693699155515
1058,0.1767958093361659
1059,0.6588306926362884
1060,0.4898655344491094
1061,0.028716846539286744
1062,0.04389504096236141
1063,0.04770067108927745
1064,0.15958190366999625
1065,0.4607633706777139
1066,0.1452781213614739
1067,0.15080338962812423
1068,0.014951199809936422
1069,0.0018065244703204808
1070,0.04320749569824622
1071,0.2085036317428821
1072,0.11440577911798777
1073,0.13873661537660098
1074,0.02585132065699336
1075,0.009064383236734419
1076,0.0542825770748635
1077,0.37460258425644
1078,0.11615989110300451
1079,0.6925596365121077
1080,0.021991972642269264
1081,0.8352205017824013
1082,0.4043995769379385
1083,0.03885883833678838
1084,0.6056386532868269
1085,0.3309686830498837
1086,0.48662908901731416
1087,0.022215926458870827
1088,0.7695458858378785
1089,0.7938782998717173
1090,0.17784424029365697
1091,0.704963833069177
1092,0.05289636475565063
1093,0.5148484276080341
1094,0.31861073398954276
1095,0.056667588299750715
1096,0.03195560994794777
1097,0.2777062326487798
1098,0.279450874272823
1099,0.1132648290281566
1100,0.408053630141054
1101,0.31279310659737825
1102,0.10825486196399414
1103,0.044625857831353755
1104,0.01577123882432374
1105,0.07862057262372835
1106,0.006031168033616807
1107,0.05380769960606513
1108,0.0022582626867773126
1109,0.21138777886557236
1110,0.6727346628146998
1111,0.04399744303439579
1112,0.0018932872188239802
1113,0.08739193092019015
1114,0.07501076133915563
1115,0.5692578780979537
1116,0.2542167598682583
1117,0.11576943767892889
1118,0.05228923126368046
1119,0.1596250444293752
1120,0.05270626611114393
1121,0.18096886566899628
1122,0.4935025754161624
1123,0.5426613309034825
1124,0.014395400156477778
1125,0.006889893370105038
1126,0.32895242438981476
1127,0.5052637410940921
1128,0.1783568730832683
1129,0.5141094328910356
1130,0.37711468557547234
1131,0.037392661239885605
1132,0.10240478398034769
1133,0.14666902048957908
1134,0.6198300939587609
1135,0.48893110219123126
1136,0.005150501009275277
1137,0.030964039701341206
1138,0.43017583771490475
1139,0.0038574031090450323
1140,0.5412996150018147
1141,0.6740304233921302
1142,0.09606223189221441
1143,0.06589015970816159
1144,0.49958596056691584
1145,0.2565459099145264
1146,0.13214936720089798
1147,0.16099308044460003
1148,0.002994825611495666
1149,0.03110454158116427
1150,0.34390125616737655
1151,0.4227417680169637
1152,0.6208739202183015
1153,0.002789901082278723
1154,0.23690971913718106
1155,0.10248627418100353
1156,0.0022729471138246415
1157,0.1925934835475842
1158,0.33902737232920854
1159,0.7647357152212728
1160,0.002588689602250893
1161,0.2757294208672558
1162,0.2740714819556517
1163,0.21770444107288967
1164,0.005957098135260019
1165,0.6172488338001584
1166,0.11475871118724656
1167,0.007646936827234829
1168,0.18704197400106992
1169,0.0016884313277266694
1170,0.0690670847875462
1171,0.0425771831322167
1172,0.23107965312189216
1173,0.08770396876894104
1174,0.1538283257116
1175,0.5741160865180465
1176,0.1769942282254433
1177,0.01401244939005386
1178,0.5706220649624365
1179,0.08183691439109397
1180,0.02052677869621833
1181,0.006125656957758463
1182,0.27477619607117865
1183,0.05258151406783629
1184,0.0979361400509311
1185,0.16279986290814996
1186,0.6288698707052589
1187,0.5813469392370827
1188,0.001560770033899872
1189,0.10717031898420626
1190,0.08865356648522216
1191,0.025779102846459234
1192,0.2625441591513611
1193,0.34876512134514037
1194,0.639282545873704
1195,0.02594884921632068
1196,0.10746995440773055
1197,0.02166463872612756
1198,0.011304178783962393
1199,0.24480691591073434
1200,0.07258011029999101
1201,0.010018851674831075
1202,0.009315411695614229
1203,0.47331168713976646
1204,0.2760964236801007
1205,0.16401315509416825
1206,0.4392675094049383
1207,0.04880834903516207
1208,0.5122308343005693
1209,0.041047965428820055
1210,0.3605629986032113
1211,0.020806272065152842
1212,0.07257843700300237
1213,0.7450054747724284
1214,0.08505494018669668
1215,0.35873352603048736
1216,0.31308030515092566
1217,0.7702160004085528
1218,0.25955214011019545
1219,0.061983538648895276
1220,0.0051114891633138315
1221,0.40090915220010515
1222,0.7484873055905841
1223,0.3219199271532749
1224,0.03769077727674519
1225,0.2905264902108575
1226,0.6474632248891776
1227,0.7562884140403368
1228,0.556162201330976
1229,0.6746779927013035
1230,0.004059264446760746
1231,0.5374801701568303
1232,0.5824596248767073
1233,0.5966127644616287
1234,0.2529795087286778
1235,0.003103372679429617
1236,0.8235344370361715
1237,0.6188120947902817
1238,0.5675749005728301
1239,0.005568163008139337
1240,0.2074013184179716
1241,0.12896088549774798
1242,0.005859733375217058
1243,0.7075590971217113
1244,0.003959551077295953
1245,0.04665377202019416
1246,0.3629536457067686
1247,0.15019743776680194
1248,0.08019168639989482
1249,0.106297185810042
1250,0.041718934835914934
1251,0.3923419594717352
1252,0.0026207797979026504
1253,0.7614032343215812
1254,0.0980524789737921
1255,0.0013400507570293652
1256,0.5130545131507741
1257,0.7080995395933464
1258,0.002418667324538548
1259,0.2781587001959669
1260,0.7094217945069816
1261,0.008136674948012734
1262,0.2127599247012576
1263,0.21015425091814333
1264,0.22700480650436206
1265,0.2598633533808552
1266,0.509945945886726
1267,0.35308631864523576
1268,0.6346477406971472
1269,0.3561575273053301
1270,0.007760050775705407
1271,0.010528483559111734
1272,0.17184949084628187
1273,0.02306821706926221
1274,0.00565340673416459
1275,0.17671705640587954
1276,0.02157538328770725
1277,0.0010478236207153158
1278,0.07368138900517729
1279,0.28428695729454234
1280,0.03978524753761081
1281,0.6564590667886414
1282,0.7608007102435121
1283,0.18311204541559467
1284,0.647478019526104
1285,0.14465055317120246
1286,0.09744791551638476
1287,0.6105961239099775
1288,0.6748102476116508
1289,0.02247719154941208
1290,0.17932049463191546
1291,0.5733092588404384
1292,0.0725402218584228
1293,0.01116451704377619
1294,0.2639919838703857
1295,0.39564063567565577
1296,0.03743010400425395
1297,0.29363041455996064
1298,0.5155207996721138
1299,0.3144335054451346
1300,0.7097686270682848
1301,0.6988576328038596
1302,0.04874481950878029
1303,0.7279769818108857
1304,0.12208993279484892
1305,0.11314995150170437
1306,0.23831913177127295
1307,0.019061856960577384
1308,0.1381848490898625
1309,0.680668195312966
1310,0.07994222916452343
1311,0.4510385278996454
1312,0.3620960448531041
1313,0.028119671836799198
1314,0.03070216299242068
1315,0.3402541487574797
1316,0.002632780417889169
1317,0.4548886859929009
1318,0.04856779832271363
1319,0.002673792572330025
1320,0.14326905849309335
1321,0.00714433953460436
1322,0.2685333925465707
1323,0.3045698150028009
1324,0.05788094028264734
1325,0.5290335867850814
1326,0.6186731664370195
1327,0.17161108313974838
1328,0.6918463231646724
1329,0.38081769254128783
1330,0.7369872771958933
1331,0.22707924403916246
1332,0.1401060598006607
1333,0.18159659793091842
1334,0.00437711736805757
1335,0.5979178594141522
1336,0.028677358197527147
1337,0.6412312600090099
1338,0.0021404340991163506
1339,0.7616197019984178
1340,0.027607165431852043
1341,0.27857463912761826
1342,0.01810023923767612
1343,0.1031780217823065
1344,0.04314296302641063
1345,0.10476228939180632
1346,0.03310042846791461
1347,0.009415242526086831
1348,0.6923084049441813
1349,0.04263960866588046
1350,0.016196414566331696
1351,0.03152090900696081
1352,0.016767138330759823
1353,0.33762695242446783
1354,0.2588648385072063
1355,0.5487031466735895
1356,0.06216773460358471
1357,0.40618143617268565
1358,0.010571423577218741
1359,0.24283766270035945
1360,0.16902084542382423
1361,0.14862491793940413
1362,0.5117132216877933
1363,0.025187333227632336
1364,0.1195883928162742
1365,0.5286285243340006
1366,0.28399597021610967
1367,0.00711368554849956
1368,0.1110407466784219
1369,0.04731867004088608
1370,0.046540098605973856
1371,0.6630032275487742
1372,0.01582354411861342
1373,0.21996132276662883
1374,0.024865850647073695
1375,0.21777429135727377
1376,0.07670399457981691
1377,0.3784842776186621
1378,0.3438295118853545
1379,0.21114341143142723
1380,0.7084089711847976
1381,0.5683791958770612
1382,0.4297009725981388
1383,0.0031288998492373654
1384,0.4091096989417593
1385,0.7434555962690522
1386,0.4515129357269767
1387,0.07222655737394545
1388,0.6371862091984498
1389,0.5894421002166002
1390,0.5647241577992
1391,0.011553398662346281
1392,0.6806144251233817
1393,0.13845609421550542
1394,0.009673313257289373
1395,0.6080615238393587
1396,0.15981606533819614
1397,0.008117933686062284
1398,0.22257138023919376
1399,0.16995529916594176
1400,0.28146483133026223
1401,0.014555114204282349
1402,0.27515928889254626
1403,0.008880861246327254
1404,0.05400715515124144
1405,0.11644020658133991
1406,0.20467462847736484
1407,0.26559958236436
1408,0.1444992674158927
1409,0.0015372418219067319
1410,0.020266609623624254
1411,0.007916108352714168
1412,0.4525834290090105
1413,0.5219772910950182
1414,0.035801560912819164
1415,0.09285667798544195
1416,0.2067510933414476
1417,0.0044613077415971425
1418,0.1138336617661202
1419,0.29152564516242796
1420,0.05062485467705846
1421,0.0022992812529200046
1422,0.007160924914245137
1423,0.0038461737222645898
1424,0.07862829857103193
1425,0.0957668181914999
1426,0.026216556493823373
1427,0.08814673805558348
1428,0.7829232125677659
1429,0.46210926685318265
1430,0.09777836895396408
1431,0.2347345182447781
1432,0.3827807771740701
1433,0.0028715822392665347
1434,0.5949735237811662
1435,0.25357538756505393
1436,0.36438926582936393
1437,0.13137210076234218
1438,0.49119281258762326
1439,0.503132852562125
1440,0.2004778984897062
1441,0.4437525974650314
1442,0.17127764730485429
1443,0.5886218593157837
1444,0.15854448924321063
1445,0.10386780259662498
1446,0.16432097892683273
1447,0.2226364268185409
1448,0.03939251663132981
1449,0.7692593598291461
1450,0.07148681051835482
1451,0.5287140805433438
1452,0.5513734498878686
1453,0.011576002495313098
1454,0.10337021785820977
1455,0.028213584471823427
1456,0.10429168830635482
1457,0.2449173327034293
1458,0.21169074051482517
1459,0.6839710094006667
1460,0.5749330465451714
1461,0.0075861400167737125
1462,0.006822882051760959
1463,0.2022857792134095
1464,0.36342192718266453
1465,0.6436956653950716
1466,0.03279665097345397
1467,0.006754923260666623
1468,0.013047871689050305
1469,0.44140985704465274
1470,0.19378018713499667
1471,0.03717745854610732
1472,0.2327803295432732
1473,0.34874993162159384
1474,0.3760712033686521
1475,0.8125443653886694
1476,0.08830587912325905
1477,0.012997452894156769
1478,0.28089813725881596
1479,0.34887014749375567
1480,0.005304280223141222
1481,0.26701517810923303
1482,0.00660278914398893
1483,0.16096387462822803
1484,0.15571790180397738
1485,0.20897742132663943
1486,0.0324905528124495
1487,0.07178860941454124
1488,0.2861993615232524
1489,0.2053308089098369
1490,0.5979223858656109
1491,0.01216598732853924
1492,0.0021071842544542196
1493,0.17789219308829085
1494,0.7173420572610535
1495,0.3818343812954157
1496,0.264263588237288
1497,0.11756422668763844
1498,0.19341808479517608
1499,0.13658547998917947
1500,0.049104532689776326
1501,0.09952395308374795
1502,0.0019777331373201923
1503,0.12685142203053357
1504,0.8268981183747662
1505,0.3435014845044798
1506,0.6992508355322218
1507,0.2719467973492866
1508,0.6396918913480383
1509,0.5132682146267582
1510,0.045876576653726575
1511,0.033646209470206245
1512,0.1263904984858033
1513,0.1679679389832438
1514,0.023181467880620255
1515,0.455645259504455
1516,0.03727832375269913
1517,0.6539848598882677
1518,0.39204318760505497
1519,0.059932435657938266
1520,0.032463680097285064
1521,0.04063575104102446
1522,0.028708591336937928
1523,0.15223564692051228
1524,0.005346159426369068
1525,0.47493037871402355
1526,0.03397919705615027
1527,0.7470866844842817
1528,0.16041370524943455
1529,0.5974494991446848
1530,0.14197966852038835
1531,0.1210838977449139
1532,0.005778046391459957
1533,0.12205052756273782
1534,0.023566924882028717
1535,0.07719297545084647
1536,0.07150302474580306
1537,0.3935307461734945
1538,0.0017045281778625965
1539,0.4508387146630941
1540,0.1037214304474896
1541,0.6016639248797763
1542,0.3769674206115561
1543,0.002549932323815396
1544,0.02499828149160499
1545,0.6448663994172424
1546,0.1792634638166205
1547,0.33024310335019513
1548,0.48810749047521496
1549,0.07187785274788583
1550,0.6095699716476974
1551,0.7591764482947339
1552,0.39483130708579195
1553,0.004485730037438795
1554,0.006617273886936115
1555,0.03341160087540762
1556,0.21898830962711724
1557,0.5537859276651356
1558,0.04559367958300897
1559,0.00707708221426262
1560,0.30313016840813833
1561,0.030439980401233746
1562,0.08025914423982716
1563,0.5438132819786347
1564,0.06014767130492349
1565,0.08279687977349404
1566,0.011937678675936092
1567,0.040615635003222406
1568,0.6681446329738386
1569,0.006564654807513337
1570,0.33990879822403564
1571,0.08120506279271256
1572,0.15555607624913004
1573,0.012999031767422342
1574,0.5223631551870996
1575,0.7350759323856723
1576,0.0200050501216964
1577,0.023506247187835005
1578,0.25802988815477423
1579,0.2957864340411457
1580,0.539182018701846
1581,0.024553300102407638
1582,0.20406534497915374
1583,0.006539517190791599
1584,0.5299181875724429
1585,0.3293865569281146
1586,0.02889886165936384
1587,0.04366028498109953
1588,0.0025280343801939997
1589,0.4840737279781884
1590,0.35988708653861
1591,0.3917980070493774
1592,0.7003102302795673
1593,0.22308229310709504
1594,0.0012944302944841724
1595,0.2581119736147237
1596,0.12595996711195334
1597,0.18776388240414377
1598,0.07091450628160723
1599,0.4910049201370972
1600,0.6675168018706078
1601,0.2567085586702178
1602,0.7255429234871759
1603,0.5977658229310333
1604,0.03509256089902879
1605,0.24730931837326975
1606,0.10315724439237983
1607,0.22051698695676603
1608,0.016353920802739563
1609,0.6084026453505536
1610,0.03967901851375921
1611,0.24767276844125752
1612,0.742968461624669
1613,0.16231154393303004
1614,0.17895850488344056
1615,0.19069769805802195
1616,0.36161362544344766
1617,0.1954884699812387
1618,0.4392964661134995
1619,0.3046120068133388
1620,0.013984336192407687
1621,0.3626577216106235
1622,0.02694205398362648
1623,0.3045829383879247
1624,0.006437202145233911
1625,0.01611532180715869
1626,0.001655282640492417
1627,0.0940490236953786
1628,0.4975451454378199
1629,0.2492514481053979
1630,0.03849876226551796
1631,0.02146696268208048
1632,0.2591104316048898
1633,0.1520865086015406
1634,0.16014791078743484
1635,0.0067050273442702535
1636,0.012717934186307955
1637,0.8000888702952501
1638,0.6075332416097344
1639,0.5389234400367137
1640,0.40355101996173937
1641,0.18495463591363825
1642,0.054595316494223
1643,0.16250862358824758
1644,0.29234916241117714
1645,0.18982657785805856
1646,0.023721766115804566
1647,0.3537340272425713
1648,0.1780307529544074
1649,0.43737105511058405
1650,0.050184521692159145
1651,0.1456262869299294
1652,0.17519054663493838
1653,0.619527530248018
1654,0.0035021830134993603
1655,0.4578906304522208
1656,0.043482059704746945
1657,0.013740749675938524
1658,0.01906891660323784
1659,0.3793476336842424
1660,0.17727499220077447
1661,0.013173356173058148
1662,0.005834438620876736
1663,0.3376535286907174
1664,0.1754506390144357
1665,0.6912148938834138
1666,0.24063137417947433
1667,0.216644095811095
1668,0.023423924641383098
1669,0.07232916307991089
1670,0.6708163176746215
1671,0.2798175479082
1672,0.11663851143313508
1673,0.1287263840425088
1674,0.09859671913672874
1675,0.3354486752767045
1676,0.393105695079929
1677,0.00667961262557093
1678,0.4844174660626178
1679,0.25821164272591657
1680,0.08968635172663353
1681,0.0135703793423948
1682,0.6537223532293243
1683,0.3959790982956922
1684,0.6602185641899906
1685,0.03421215842381342
1686,0.7540580776664968
1687,0.17869129542945372
1688,0.4495354967335967
1689,0.057669132982175686
1690,0.004952455451898152
1691,0.3696398588266785
1692,0.08501721390105821
1693,0.3848379378482619
1694,0.01647787483166052
1695,0.1424216026295031
1696,0.49213726986802464
1697,0.2752497901469517
1698,0.1309369481943229
1699,0.12661836771297086
1700,0.07315391579206398
1701,0.14290111112357573
1702,0.0077999366956680305
1703,0.009667062864959886
1704,0.7164170465583961
1705,0.059369012448692304
1706,0.37337876204676057
1707,0.15732170511223842
1708,0.6274501441284189
1709,0.5378978821253845
1710,0.0039137909061928156
1711,0.275907258056481
1712,0.053101272226581786
1713,0.4190213436872078
1714,0.09705958475526266
1715,0.01085869196831124
1716,0.2396601336735692
1717,0.002571392050741972
1718,0.025564833320642077
1719,0.3468847006356175
1720,0.002017969895209082
1721,0.5096755018566715
1722,0.37884750213287677
1723,0.015899910083272073
1724,0.5222502778113602
1725,0.4526442622001694
1726,0.5836800060860305
1727,0.030912351082198253
1728,0.009864913661636776
1729,0.7833068138890049
1730,0.7190153142366326
1731,0.4542777182880806
1732,0.4569195770022154
1733,0.02043278660293968
1734,0.33706216372003095
1735,0.5571786276219234
1736,0.03923606059180196
1737,0.7142850483501154
1738,0.01706408312301544
1739,0.01301407422134837
1740,0.6005931359121673
1741,0.15854461440172196
1742,0.002234739575030842
1743,0.19990260620452982
1744,0.02931362924994585
1745,0.03237071229922228
1746,0.18967123134461883
1747,0.012839370000310768
1748,0.02836362367002576
1749,0.0032224179008364384
1750,0.331729147409642
1751,0.5064448321941837
1752,0.1637516225252661
1753,0.7083768453002718
1754,0.0927291734826039
1755,0.05802941814057028
1756,0.10374605185625208
1757,0.028088208872665943
1758,0.7450004362027228
1759,0.6239861058066897
1760,0.008302456090498844
